{
  "model": {
    "type": "minecraft:select",
    "cases": [
      {
        "model": {
          "type": "minecraft:model",
          "model": "minecraft:item/iron_helmet_quartz_trim"
        },
        "when": "minecraft:quartz"
      },
      {
        "model": {
          "type": "minecraft:model",
          "model": "minecraft:item/iron_helmet_iron_trim"
        },
        "when": "minecraft:iron"
      },
      {
        "model": {
          "type": "minecraft:model",
          "model": "minecraft:item/iron_helmet_netherite_trim"
        },
        "when": "minecraft:netherite"
      },
      {
        "model": {
          "type": "minecraft:model",
          "model": "minecraft:item/iron_helmet_redstone_trim"
        },
        "when": "minecraft:redstone"
      },
      {
        "model": {
          "type": "minecraft:model",
          "model": "minecraft:item/iron_helmet_copper_trim"
        },
        "when": "minecraft:copper"
      },
      {
        "model": {
          "type": "minecraft:model",
          "model": "minecraft:item/iron_helmet_gold_trim"
        },
        "when": "minecraft:gold"
      },
      {
        "model": {
          "type": "minecraft:model",
          "model": "minecraft:item/iron_helmet_emerald_trim"
        },
        "when": "minecraft:emerald"
      },
      {
        "model": {
          "type": "minecraft:model",
          "model": "minecraft:item/iron_helmet_diamond_trim"
        },
        "when": "minecraft:diamond"
      },
      {
        "model": {
          "type": "minecraft:model",
          "model": "minecraft:item/iron_helmet_lapis_trim"
        },
        "when": "minecraft:lapis"
      },
      {
        "model": {
          "type": "minecraft:model",
          "model": "minecraft:item/iron_helmet_amethyst_trim"
        },
        "when": "minecraft:amethyst"
      },
      {
        "model": {
          "type": "minecraft:model",
          "model": "minecraft:item/iron_helmet_resin_trim"
        },
        "when": "minecraft:resin"
      },
      {
        "model": {
          "type": "minecraft:model",
          "model": "tr:item/iron_chestplate_blue_trim"
        },
        "when": "minecraft:blue"
      },
      {
        "model": {
          "type": "minecraft:model",
          "model": "tr:item/iron_chestplate_lime_trim"
        },
        "when": "minecraft:lime"
      },
      {
        "model": {
          "type": "minecraft:model",
          "model": "tr:item/iron_chestplate_orange_trim"
        },
        "when": "minecraft:orange"
      },
      {
        "model": {
          "type": "minecraft:model",
          "model": "tr:item/iron_chestplate_pink_trim"
        },
        "when": "minecraft:pink"
      },
      {
        "model": {
          "type": "minecraft:model",
          "model": "tr:item/iron_chestplate_purple_trim"
        },
        "when": "minecraft:purple"
      },
      {
        "model": {
          "type": "minecraft:model",
          "model": "tr:item/iron_chestplate_red_trim"
        },
        "when": "minecraft:red"
      }
    ],
    "fallback": {
      "type": "minecraft:model",
      "model": "minecraft:item/iron_helmet"
    },
    "property": "minecraft:trim_material"
  }
}