{
	"sources": [
		{
			"type": "paletted_permutations",
			"textures": [
				"trims/items/leggings_trim",
				"trims/items/chestplate_trim",
				"trims/items/helmet_trim",
				"trims/items/boots_trim"
			],
			"palette_key": "trims/color_palettes/trim_palette",
			"permutations": {
                "quartz": "trims/color_palettes/quartz",
                "iron": "trims/color_palettes/iron",
                "gold": "trims/color_palettes/gold",
                "diamond": "trims/color_palettes/diamond",
                "netherite": "trims/color_palettes/netherite",
                "redstone": "trims/color_palettes/redstone",
                "copper": "trims/color_palettes/copper",
                "emerald": "trims/color_palettes/emerald",
                "lapis": "trims/color_palettes/lapis",
                "amethyst": "trims/color_palettes/amethyst",
                "iron_darker": "trims/color_palettes/iron_darker",
                "gold_darker": "trims/color_palettes/gold_darker",
                "diamond_darker": "trims/color_palettes/diamond_darker",
                "netherite_darker": "trims/color_palettes/netherite_darker",
                "resin": "trims/color_palettes/resin",
				"blue": "tr:trims/color_palettes/blue",
				"lime": "tr:trims/color_palettes/lime",
				"orange": "tr:trims/color_palettes/orange",
				"pink": "tr:trims/color_palettes/pink",
				"purple": "tr:trims/color_palettes/purple",
				"red": "tr:trims/color_palettes/red"
			}
		},
		{
			"type": "directory",
			"source": "settings",
			"prefix": "settings/"
		},
		{
			"type": "directory",
			"source": "lobby",
			"prefix": "lobby/"
		}
	]
}
