{
	"credit": "Made with Blockbench",
	"parent": "item/stick",
	"texture_size": [32, 32],
	"textures": {
		"0": "tr:lobby/crown",
		"particle": "tr:lobby/crown"
	},
	"elements": [
		{
			"from": [5.87101, 0, 3.03351],
			"to": [10.12101, 3, 4.03351],
			"rotation": {"angle": -45, "axis": "y", "origin": [7.99601, 1, 7.99601]},
			"faces": {
				"north": {"uv": [2, 0, 4, 1.5], "texture": "#0"},
				"east": {"uv": [2, 7.5, 2.5, 9], "texture": "#0"},
				"south": {"uv": [2, 1.5, 4, 3], "texture": "#0"},
				"west": {"uv": [2.5, 7.5, 3, 9], "texture": "#0"},
				"up": {"uv": [6, 6.5, 4, 6], "texture": "#0"},
				"down": {"uv": [8, 4, 6, 4.5], "texture": "#0", "cullface": "down"}
			}
		},
		{
			"from": [6, 0, 3],
			"to": [10, 3, 4],
			"faces": {
				"north": {"uv": [0, 3, 2, 4.5], "texture": "#0"},
				"south": {"uv": [2, 3, 4, 4.5], "texture": "#0"},
				"up": {"uv": [8, 5, 6, 4.5], "texture": "#0"},
				"down": {"uv": [8, 5, 6, 5.5], "texture": "#0", "cullface": "down"}
			}
		},
		{
			"from": [6, 0, 12],
			"to": [10, 3, 13],
			"faces": {
				"north": {"uv": [4, 0, 6, 1.5], "texture": "#0"},
				"south": {"uv": [4, 1.5, 6, 3], "texture": "#0"},
				"west": {"uv": [3, 7.5, 3.5, 9], "texture": "#0"},
				"up": {"uv": [8, 6, 6, 5.5], "texture": "#0"},
				"down": {"uv": [8, 6, 6, 6.5], "texture": "#0", "cullface": "down"}
			}
		},
		{
			"from": [3, 0, 6],
			"to": [4, 3, 10],
			"faces": {
				"east": {"uv": [4, 3, 6, 4.5], "texture": "#0"},
				"west": {"uv": [0, 4.5, 2, 6], "texture": "#0"},
				"up": {"uv": [4.5, 8.5, 4, 6.5], "texture": "#0"},
				"down": {"uv": [5, 6.5, 4.5, 8.5], "texture": "#0", "cullface": "down"}
			}
		},
		{
			"from": [12, 0, 6],
			"to": [13, 3, 10],
			"rotation": {"angle": 0, "axis": "z", "origin": [12.5, 3.5, 8]},
			"faces": {
				"north": {"uv": [3.5, 7.5, 4, 9], "texture": "#0"},
				"east": {"uv": [2, 4.5, 4, 6], "texture": "#0"},
				"west": {"uv": [4, 4.5, 6, 6], "texture": "#0"},
				"up": {"uv": [5.5, 8.5, 5, 6.5], "texture": "#0"},
				"down": {"uv": [6, 6.5, 5.5, 8.5], "texture": "#0", "cullface": "down"}
			}
		},
		{
			"from": [9.875, 0, 10.3],
			"to": [14.125, 3, 11.3],
			"rotation": {"angle": 45, "axis": "y", "origin": [12, 1, 12]},
			"faces": {
				"north": {"uv": [0, 6, 2, 7.5], "texture": "#0"},
				"east": {"uv": [6, 7.5, 6.5, 9], "texture": "#0"},
				"south": {"uv": [6, 0, 8, 1.5], "texture": "#0"},
				"west": {"uv": [6.5, 7.5, 7, 9], "texture": "#0"},
				"up": {"uv": [8, 7, 6, 6.5], "texture": "#0"},
				"down": {"uv": [8, 7, 6, 7.5], "texture": "#0", "cullface": "down"}
			}
		},
		{
			"from": [4.21606, 0, 3.01606],
			"to": [5.21606, 3, 7.26606],
			"rotation": {"angle": -45, "axis": "y", "origin": [5.14106, 1, 5.14106]},
			"faces": {
				"north": {"uv": [7, 7.5, 7.5, 9], "texture": "#0"},
				"east": {"uv": [6, 1.5, 8, 3], "texture": "#0"},
				"south": {"uv": [7.5, 7.5, 8, 9], "texture": "#0"},
				"west": {"uv": [2, 6, 4, 7.5], "texture": "#0"},
				"up": {"uv": [0.5, 9.5, 0, 7.5], "texture": "#0"},
				"down": {"uv": [1, 7.5, 0.5, 9.5], "texture": "#0", "cullface": "down"}
			}
		},
		{
			"from": [5.87101, 0, 11.95851],
			"to": [10.12101, 3, 12.95851],
			"rotation": {"angle": -45, "axis": "y", "origin": [7.99601, 1, 7.99601]},
			"faces": {
				"north": {"uv": [0, 0, 2, 1.5], "texture": "#0"},
				"east": {"uv": [1, 7.5, 1.5, 9], "texture": "#0"},
				"south": {"uv": [0, 1.5, 2, 3], "texture": "#0"},
				"west": {"uv": [1.5, 7.5, 2, 9], "texture": "#0"},
				"up": {"uv": [8, 3.5, 6, 3], "texture": "#0"},
				"down": {"uv": [8, 3.5, 6, 4], "texture": "#0", "cullface": "down"}
			}
		},
		{
			"from": [5.87101, 3, 3.03351],
			"to": [7.12101, 5, 4.03351],
			"rotation": {"angle": -45, "axis": "y", "origin": [7.99601, 4, 7.99601]},
			"faces": {
				"north": {"uv": [8, 4, 8.5, 5], "texture": "#0"},
				"east": {"uv": [8, 5, 8.5, 6], "texture": "#0"},
				"south": {"uv": [8, 6, 8.5, 7], "texture": "#0"},
				"west": {"uv": [8, 7, 8.5, 8], "texture": "#0"},
				"up": {"uv": [10, 9, 9.5, 8.5], "texture": "#0"}
			}
		},
		{
			"from": [8.75, 3, 3],
			"to": [10, 5, 4],
			"rotation": {"angle": 0, "axis": "y", "origin": [0, 3, 0]},
			"faces": {
				"north": {"uv": [8, 8, 8.5, 9], "texture": "#0"},
				"south": {"uv": [8.5, 0, 9, 1], "texture": "#0"},
				"west": {"uv": [8.5, 1, 9, 2], "texture": "#0"},
				"up": {"uv": [10, 9.5, 9.5, 9], "texture": "#0"}
			}
		},
		{
			"from": [6, 3, 3],
			"to": [7.25, 5, 4],
			"rotation": {"angle": 0, "axis": "y", "origin": [0, 3, 0]},
			"faces": {
				"north": {"uv": [8.5, 2, 9, 3], "texture": "#0"},
				"east": {"uv": [8.5, 3, 9, 4], "texture": "#0"},
				"south": {"uv": [4, 8.5, 4.5, 9.5], "texture": "#0"},
				"up": {"uv": [10, 10, 9.5, 9.5], "texture": "#0"}
			}
		},
		{
			"from": [6, 3, 12],
			"to": [7.25, 5, 13],
			"rotation": {"angle": 0, "axis": "y", "origin": [0, 3, 0]},
			"faces": {
				"north": {"uv": [8.5, 4, 9, 5], "texture": "#0"},
				"east": {"uv": [4.5, 8.5, 5, 9.5], "texture": "#0"},
				"south": {"uv": [5, 8.5, 5.5, 9.5], "texture": "#0"},
				"west": {"uv": [8.5, 5, 9, 6], "texture": "#0"},
				"up": {"uv": [10.5, 0.5, 10, 0], "texture": "#0"}
			}
		},
		{
			"from": [8.75, 3, 12],
			"to": [10, 5, 13],
			"rotation": {"angle": 0, "axis": "y", "origin": [0, 3, 0]},
			"faces": {
				"north": {"uv": [5.5, 8.5, 6, 9.5], "texture": "#0"},
				"south": {"uv": [8.5, 6, 9, 7], "texture": "#0"},
				"west": {"uv": [8.5, 7, 9, 8], "texture": "#0"},
				"up": {"uv": [10.5, 1, 10, 0.5], "texture": "#0"}
			}
		},
		{
			"from": [3, 3, 6],
			"to": [4, 5, 7.25],
			"rotation": {"angle": 0, "axis": "y", "origin": [0, 3, 0]},
			"faces": {
				"east": {"uv": [8.5, 8, 9, 9], "texture": "#0"},
				"south": {"uv": [9, 0, 9.5, 1], "texture": "#0"},
				"west": {"uv": [1, 9, 1.5, 10], "texture": "#0"},
				"up": {"uv": [1.5, 10.5, 1, 10], "texture": "#0"}
			}
		},
		{
			"from": [3, 3, 8.75],
			"to": [4, 5, 10],
			"rotation": {"angle": 0, "axis": "y", "origin": [0, 3, 0]},
			"faces": {
				"north": {"uv": [9, 1, 9.5, 2], "texture": "#0"},
				"east": {"uv": [1.5, 9, 2, 10], "texture": "#0"},
				"west": {"uv": [2, 9, 2.5, 10], "texture": "#0"},
				"up": {"uv": [10.5, 1.5, 10, 1], "texture": "#0"}
			}
		},
		{
			"from": [12, 3, 8.75],
			"to": [13, 5, 10],
			"rotation": {"angle": 0, "axis": "y", "origin": [0, 3, 0]},
			"faces": {
				"north": {"uv": [9, 2, 9.5, 3], "texture": "#0"},
				"east": {"uv": [2.5, 9, 3, 10], "texture": "#0"},
				"west": {"uv": [3, 9, 3.5, 10], "texture": "#0"},
				"up": {"uv": [2, 10.5, 1.5, 10], "texture": "#0"}
			}
		},
		{
			"from": [12, 3, 6],
			"to": [13, 5, 7.25],
			"rotation": {"angle": 0, "axis": "y", "origin": [0, 3, 0]},
			"faces": {
				"north": {"uv": [9, 3, 9.5, 4], "texture": "#0"},
				"east": {"uv": [3.5, 9, 4, 10], "texture": "#0"},
				"south": {"uv": [9, 4, 9.5, 5], "texture": "#0"},
				"west": {"uv": [9, 5, 9.5, 6], "texture": "#0"},
				"up": {"uv": [10.5, 2, 10, 1.5], "texture": "#0"}
			}
		},
		{
			"from": [9.875, 3, 10.3],
			"to": [11.125, 5, 11.3],
			"rotation": {"angle": 45, "axis": "y", "origin": [12, 4, 12]},
			"faces": {
				"north": {"uv": [6, 9, 6.5, 10], "texture": "#0"},
				"east": {"uv": [9, 6, 9.5, 7], "texture": "#0"},
				"south": {"uv": [6.5, 9, 7, 10], "texture": "#0"},
				"west": {"uv": [7, 9, 7.5, 10], "texture": "#0"},
				"up": {"uv": [2.5, 10.5, 2, 10], "texture": "#0"}
			}
		},
		{
			"from": [12.875, 3, 10.3],
			"to": [14.125, 5, 11.3],
			"rotation": {"angle": 45, "axis": "y", "origin": [12, 4, 12]},
			"faces": {
				"north": {"uv": [9, 7, 9.5, 8], "texture": "#0"},
				"east": {"uv": [7.5, 9, 8, 10], "texture": "#0"},
				"south": {"uv": [8, 9, 8.5, 10], "texture": "#0"},
				"west": {"uv": [9, 8, 9.5, 9], "texture": "#0"},
				"up": {"uv": [10.5, 2.5, 10, 2], "texture": "#0"}
			}
		},
		{
			"from": [4.21606, 3, 6.01606],
			"to": [5.21606, 5, 7.26606],
			"rotation": {"angle": -45, "axis": "y", "origin": [5.14106, 4, 5.14106]},
			"faces": {
				"north": {"uv": [8.5, 9, 9, 10], "texture": "#0"},
				"east": {"uv": [9, 9, 9.5, 10], "texture": "#0"},
				"south": {"uv": [0, 9.5, 0.5, 10.5], "texture": "#0"},
				"west": {"uv": [9.5, 0, 10, 1], "texture": "#0"},
				"up": {"uv": [3, 10.5, 2.5, 10], "texture": "#0"}
			}
		},
		{
			"from": [4.21606, 3, 3.01606],
			"to": [5.21606, 5, 4.26606],
			"rotation": {"angle": -45, "axis": "y", "origin": [5.14106, 4, 5.14106]},
			"faces": {
				"north": {"uv": [0.5, 9.5, 1, 10.5], "texture": "#0"},
				"east": {"uv": [9.5, 1, 10, 2], "texture": "#0"},
				"south": {"uv": [9.5, 2, 10, 3], "texture": "#0"},
				"west": {"uv": [9.5, 3, 10, 4], "texture": "#0"},
				"up": {"uv": [10.5, 3, 10, 2.5], "texture": "#0"}
			}
		},
		{
			"from": [5.87101, 3, 11.95851],
			"to": [7.12101, 5, 12.95851],
			"rotation": {"angle": -45, "axis": "y", "origin": [7.99601, 4, 7.99601]},
			"faces": {
				"north": {"uv": [4, 9.5, 4.5, 10.5], "texture": "#0"},
				"east": {"uv": [9.5, 4, 10, 5], "texture": "#0"},
				"south": {"uv": [4.5, 9.5, 5, 10.5], "texture": "#0"},
				"west": {"uv": [5, 9.5, 5.5, 10.5], "texture": "#0"},
				"up": {"uv": [3.5, 10.5, 3, 10], "texture": "#0"}
			}
		},
		{
			"from": [8.87101, 3, 3.03351],
			"to": [10.12101, 5, 4.03351],
			"rotation": {"angle": -45, "axis": "y", "origin": [7.99601, 4, 7.99601]},
			"faces": {
				"north": {"uv": [9.5, 5, 10, 6], "texture": "#0"},
				"east": {"uv": [5.5, 9.5, 6, 10.5], "texture": "#0"},
				"south": {"uv": [9.5, 6, 10, 7], "texture": "#0"},
				"west": {"uv": [9.5, 7, 10, 8], "texture": "#0"},
				"up": {"uv": [10.5, 3.5, 10, 3], "texture": "#0"}
			}
		},
		{
			"from": [8.87101, 3, 11.95851],
			"to": [10.12101, 5, 12.95851],
			"rotation": {"angle": -45, "axis": "y", "origin": [7.99601, 4, 7.99601]},
			"faces": {
				"north": {"uv": [8, 0, 8.5, 1], "texture": "#0"},
				"east": {"uv": [8, 1, 8.5, 2], "texture": "#0"},
				"south": {"uv": [8, 2, 8.5, 3], "texture": "#0"},
				"west": {"uv": [8, 3, 8.5, 4], "texture": "#0"},
				"up": {"uv": [10, 8.5, 9.5, 8], "texture": "#0"}
			}
		}
	],
	"display": {
		"head": {
			"translation": [0, 18.25, 0]
		}
	},
	"groups": [
		{
			"name": "base",
			"origin": [7.99601, 1, 7.99601],
			"color": 0,
			"children": [0, 1, 2, 3, 4, 5, 6, 7]
		},
		{
			"name": "Top",
			"origin": [7.99601, 4, 7.99601],
			"color": 0,
			"children": [8, 9, 10, 11, 12, 13, 14, 15, 16, 17, 18, 19, 20, 21, 22, 23]
		}
	]
}